candidate	hypothesis	eval_version	score	pending	requests	status	artifacts
h1-integrity-check-2026-10-07	not started: fixed input drift	prism-h1-completion-v1		0	0	incomplete	work/autoresearch/h1-stop-2026-10-07/stop.json
h1-existing-freeze-check-2026-10-07	not started: existing same-version fixed input drift	prism-h1-completion-v1		0	0	incomplete	work/autoresearch/h1-stop-2026-10-07-existing-freeze/stop.json
m1-existing-candidates-20261007	Candidate-group binding changes grounding when other public fields are held fixed	prism-m1-relation-qualification-v1-20261007		0	0	incomplete	work/autoresearch/m1-qualification-2026-10-07/launch-gates.json
m1-native-source-search-v2	Repeated-control goals with native relation fields retained	prism-m1-relation-qualification-v2-20261007		0	0	incomplete	work/autoresearch/m1-qualification-v2-2026-10-07/discovery/interruption.json
m1-lossless-binding-v3	Lossless factorization isolates candidate to public evidence links	prism-m1-relation-qualification-v3-20261007		0	0	incomplete	work/autoresearch/m1-qualification-v3-2026-10-07/qualification/qualification.json
m1-natural-row-pool-v4	New upstream row task replaces rejected Bootstrap preparation	prism-m1-relation-qualification-v4-20261007		0	0	keep	work/autoresearch/m1-qualification-v4-2026-10-07/qualification/qualification.json
m1-faithful-source-replay-v5	Repair new source asset routing without changing goals or oracles	prism-m1-relation-qualification-v5-20261007		0	0	keep	work/autoresearch/m1-qualification-v5-2026-10-07/qualification/qualification.json
m1-formal-freeze-v1	Explicit binding changes one-decision target grounding	prism-m1-relation-formal-v1-20261007		0	0	crash	work/autoresearch/m1-qualification-v5-2026-10-07/formal-v1/stop.json
m1-formal-binding-v2	Explicit binding affects one-decision grounding; provider header omitted	prism-m1-relation-formal-v2-20261007		0	24	crash	work/autoresearch/m1-qualification-v5-2026-10-07/formal-v2/experiment/evaluation-clarified.json
m1-provider-header-repair-v3	Repair one infrastructure limitation; unchanged mechanism inputs	prism-m1-relation-formal-v3-20261007		0	0	incomplete	work/autoresearch/m1-transport-repair-v3-2026-10-07/protocol-draft.json
m1-formal-v3-freeze-preflight	Transport-only correction; scientific inputs unchanged; fresh authorization absent	prism-m1-relation-formal-v3-20261007		0	0	incomplete	work/autoresearch/m1-formal-v3-2026-10-07/result.json
m1-formal-v3-execution	Transport-only repair; unchanged M1; 17 completed decisions and 7 provider decision-delivery failures	prism-m1-relation-formal-v3-20261007		0	24	crash	work/autoresearch/m1-formal-v3-2026-10-07/execution-result.json
m1-formal-v4-execution	Common max_tokens 8192 only; 23 completed decisions and 1 provider decision-delivery failures	prism-m1-relation-formal-v4-20261007		0	24	crash	work/autoresearch/m1-formal-v4-2026-10-07/execution-result.json
m1-replication-model2-v1	Independent DeepSeek replication; scientific design unchanged; 15 completed decisions and 9 provider decision-delivery failures	prism-m1-relation-replication-model2-v1-20261007		0	24	crash	work/autoresearch/m1-replication-model2-v1-2026-10-07/execution-result.json
